comm_code,comm_name,latitude,longitude,tickets
ARB,ARBOUR LAKE,51.132596,-114.207673,5704
EDG,EDGEMONT,51.124588,-114.143953,6865
TUX,TUXEDO PARK,51.074218,-114.061045,5855
RAM,RAMSAY,51.036412,-114.042532,3208
DNC,DOWNTOWN COMMERCIAL CORE,51.047274,-114.069594,17587
CUR,CURRIE BARRACKS,51.015723,-114.124818,1396
SVO,SILVERADO,50.882986,-114.071297,4189
PUM,PUMP HILL,50.966828,-114.100787,1167
CAM,CAMBRIAN HEIGHTS,51.084339,-114.089379,1930
12A,12A,50.965056,-113.893215,538
KCA,KINCORA,51.160249,-114.132832,2361
RRC,RICARDO RANCH,50.854464,-113.935913,458
GPI,GREAT PLAINS,50.986895,-113.939935,629
09Q,09Q,51.026252,-113.933961,546
SKW,SKYLINE WEST,51.103332,-114.047401,561
09H,09H,51.006365,-114.015389,148
ING,INGLEWOOD,51.034141,-114.019126,7403
RIV,RIVERBEND,50.97602,-114.01843,5264
MON,MONTGOMERY,51.071076,-114.162248,7648
HUN,HUNTINGTON HILLS,51.117581,-114.066709,8580
HOU,HOUNSFIELD HEIGHTS/BRIAR HILL,51.06318,-114.10573,3382
WHI,WHITEHORN,51.088779,-113.970065,6482
SOC,SOUTH CALGARY,51.026802,-114.102075,5076
PAN,PANORAMA HILLS,51.159711,-114.088065,8116
HAY,HAYSBORO,50.972215,-114.08334,5948
PIN,PINERIDGE,51.074253,-113.946763,5431
EAG,EAGLE RIDGE,50.988744,-114.096793,608
DAL,DALHOUSIE,51.10941,-114.158155,5193
CHR,CHRISTIE PARK,51.0408,-114.176018,1119
CHK,CHINOOK PARK,50.983228,-114.088994,1227
WES,WESTWINDS,51.103392,-113.970052,2176
CHV,COUNTRY HILLS VILLAGE,51.158204,-114.061395,1426
BUR,BURNS INDUSTRIAL,50.998708,-114.039668,1157
GPE,GREAT PLAINS EAST,50.986888,-113.916656,25
STD,STARFIELD,51.004856,-113.940016,460
01F,01F,51.117348,-114.261186,71
OSH,OGDEN SHOPS,50.991089,-113.99316,167
HIL,HILLHURST,51.057278,-114.093646,8375
SNA,SUNALTA,51.04296,-114.101486,4494
MPK,MARLBOROUGH PARK,51.059689,-113.946709,4950
REN,RENFREW,51.059653,-114.039169,7329
CAR,CARRINGTON,51.185693,-114.088765,4559
WLD,WILDWOOD,51.058258,-114.158539,2794
UMR,UPPER MOUNT ROYAL,51.029974,-114.085026,2845
BNF,BANFF TRAIL,51.074214,-114.115128,4426
12K,12K,50.9758,-113.912935,24
RMT,ROSEMONT,51.078394,-114.090033,1159
HKS,HOTCHKISS,50.914194,-113.896249,1384
GTI,GOLDEN TRIANGLE,51.013391,-113.985309,164
ABP,AURORA BUSINESS PARK,51.136262,-114.058476,585
SHI,SHEPARD INDUSTRIAL,50.961494,-113.992786,1226
RID,RIDEAU PARK,51.024876,-114.074162,735
HPK,HIGHLAND PARK,51.088018,-114.062056,5395
ERL,ERLTON,51.026334,-114.063147,1825
DBC,DEERFOOT BUSINESS CENTRE,51.112098,-114.038327,629
MID,MIDNAPORE,50.915602,-114.057495,4107
SAN,SANDSTONE VALLEY,51.137733,-114.094963,2717
UNI,UNIVERSITY HEIGHTS,51.070404,-114.133087,1351
TUS,TUSCANY,51.121911,-114.240886,8262
COR,CORAL SPRINGS,51.10335,-113.926949,2602
BLM,BELMONT,50.868687,-114.055252,2940
APP,APPLEWOOD PARK,51.044877,-113.927803,1981
ACA,ACADIA,50.972415,-114.053696,6552
WOO,WOODLANDS,50.941124,-114.10616,2794
NAW,NORTH AIRWAYS,51.087139,-114.007531,810
SGL,STONEGATE LANDING,51.164469,-113.986683,964
HAW,HAWKWOOD,51.130978,-114.175615,4144
SVR,SYMONS VALLEY RANCH,51.185883,-114.13933,62
09P,09P,51.026859,-113.888765,157
SAD,SADDLE RIDGE,51.130573,-113.945623,12354
CAS,CASTLERIDGE,51.105254,-113.96103,3239
FAL,FALCONRIDGE,51.103334,-113.945352,6903
EPK,ELBOW PARK,51.021343,-114.083805,4469
BED,BEDDINGTON HEIGHTS,51.131644,-114.084911,6614
HID,HIDDEN VALLEY,51.151937,-114.119609,5149
MNI,MANCHESTER INDUSTRIAL,51.013256,-114.057222,4822
KIN,KINGSLAND,50.986977,-114.077359,4294
GLA,GLAMORGAN,51.015117,-114.153227,3719
SCA,SCARBORO,51.040765,-114.107177,1363
COA,COACH HILL,51.058386,-114.18298,1541
ABT,AMBLETON,51.186883,-114.112072,100
11B,11B,50.986873,-114.164497,144
09O,09O,51.052571,-113.877103,14
MIS,MISSION,51.033158,-114.068083,3634
WIN,WINSTON HEIGHTS/MOUNTVIEW,51.075299,-114.041849,3614
CED,CEDARBRAE,50.958199,-114.129622,3290
EVE,EVERGREEN,50.918705,-114.115693,6681
ALT,ALTADORE,51.015954,-114.100782,6583
BRI,BRIDLEWOOD,50.89922,-114.110209,4358
WIL,WILLOW PARK,50.956624,-114.056196,4533
DNE,DOWNTOWN EAST VILLAGE,51.04709,-114.050848,4756
DDG,DOUGLASDALE/GLEN,50.948444,-114.011908,7303
MRT,MARTINDALE,51.117914,-113.958387,6235
FLN,FOREST LAWN,51.037848,-113.970002,7489
GLR,GLACIER RIDGE,51.19042,-114.168192,3170
DIA,DIAMOND COVE,50.946213,-114.022656,362
GRE,GREENWOOD/GREENBRIAR,51.089865,-114.222971,839
YKV,YORKVILLE,50.870352,-114.082326,1627
ST3,STONEY 3,51.147033,-113.975835,1433
SAW,SOUTH AIRWAYS,51.07422,-114.005278,1481
12J,12J,50.883593,-113.883516,81
BEL,BEL-AIRE,50.999443,-114.088934,520
13M,13M,50.856236,-114.042756,41
FVI,FAIRVIEW INDUSTRIAL,50.98701,-114.068781,997
ROC,ROCKY RIDGE,51.144076,-114.245908,3360
BLN,BELTLINE,51.037438,-114.055186,17594
CHN,CHINATOWN,51.052824,-114.065522,1486
SGH,SAGE HILL,51.175618,-114.14069,6012
MAL,MAYLAND HEIGHTS,51.060833,-114.013313,4348
SKR,SKYVIEW RANCH,51.156127,-113.958375,4941
CNS,CORNERSTONE,51.15736,-113.930571,9268
CPF,COPPERFIELD,50.917814,-113.929486,5625
AUB,AUBURN BAY,50.892695,-113.957795,7399
RVW,RANGEVIEW,50.874379,-113.919744,2716
SPR,SPRUCE CLIFF,51.04866,-114.136278,2990
HSN,HASKAYNE,51.116972,-114.286695,2557
EYA,ELBOYA,51.012993,-114.073605,1740
GAW,GARRISON WOODS,51.017178,-114.113614,1886
DRG,DEER RIDGE,50.926574,-114.020234,1965
VAF,VALLEYFIELD,51.009084,-114.001886,483
MRN,MORAINE,51.190538,-114.106243,2005
05E,05E,51.179907,-113.929226,45
GBP,GLENDEER BUSINESS PARK,50.990093,-114.031969,98
12L,12L,50.91435,-113.871519,56
13C,13C,50.914114,-114.174991,3
KSH,KEYSTONE HILLS,51.17954,-114.026403,55
DNW,DOWNTOWN WEST END,51.047969,-114.087779,2496
MOP,MOUNT PLEASANT,51.074238,-114.07603,6917
CSC,CITYSCAPE,51.147032,-113.961258,4138
MAC,MACEWAN GLEN,51.137719,-114.115213,2402
BRT,BRITANNIA,51.012644,-114.086277,914
COL,COLLINGWOOD,51.08351,-114.102404,2275
RED,RED CARPET,51.042581,-113.938926,699
DRN,DEER RUN,50.925157,-114.009088,2753
VIS,VISTA HEIGHTS,51.071932,-114.017705,1568
STE,STARFIELD EAST,51.005016,-113.916655,129
06C,06C,51.083999,-114.227462,18
13E,13E,50.899392,-114.198183,29
CGR,COUGAR RIDGE,51.071881,-114.209404,2237
TEM,TEMPLE,51.088797,-113.946767,5621
SOW,SOUTHWOOD,50.957759,-114.083194,5610
BDO,BONAVISTA DOWNS,50.94373,-114.031505,837
HAM,HAMPTONS,51.145093,-114.146685,2577
FPK,FISH CREEK PARK,50.909605,-114.026386,598
CIA,CALGARY INTERNATIONAL AIRPORT,51.123556,-114.011717,1272
EFI,EASTFIELD,51.011949,-113.970044,272
HUX,HUXLEY,51.055552,-113.904559,361
01C,01C,51.085002,-114.243868,96
LEG,LEGACY,50.857601,-114.005981,6161
VAL,VALLEY RIDGE,51.095389,-114.251297,2311
VAR,VARSITY,51.096054,-114.162507,8275
EAU,EAU CLAIRE,51.053607,-114.072822,2265
EVN,EVANSTON,51.17111,-114.112403,7705
SHN,SHAWNESSY,50.903373,-114.073973,5480
CIT,CITADEL,51.144538,-114.183932,3960
TAR,TARADALE,51.11794,-113.934002,6579
NHU,NORTH HAVEN UPPER,51.104402,-114.085354,436
MDH,MEDICINE HILL,51.079184,-114.200147,913
09D,09D,51.011976,-114.010966,124
SSW,SCARBORO/SUNALTA WEST,51.042199,-114.11486,419
02K,02K,51.190542,-114.199453,53
13G,13G,50.895823,-114.143459,50
ABR,AMBLERIDGE,51.190494,-114.130405,80
LKB,LAKE BONAVISTA,50.939618,-114.051299,6243
WBN,WOODBINE,50.940233,-114.129628,4685
SIL,SILVER SPRINGS,51.104275,-114.196278,5142
BOW,BOWNESS,51.083346,-114.188388,13283
RDL,ROSEDALE,51.062687,-114.078207,2093
BRA,BRAESIDE,50.956003,-114.106366,3693
WGT,WESTGATE,51.044178,-114.158594,2236
SSD,SUNNYSIDE,51.05642,-114.079029,5807
HAR,HARVEST HILLS,51.147677,-114.052778,3588
RUN,RUNDLE,51.074239,-113.970055,5041
UND,UNIVERSITY DISTRICT,51.073854,-114.144965,1202
SHW,SHERWOOD,51.159991,-114.151987,2333
SUN,SUNRIDGE,51.074222,-113.991698,1859
MCI,MCCALL,51.088998,-114.027087,1090
FRA,FRANKLIN,51.05893,-113.987508,1247
02E,02E,51.161425,-114.199411,66
GPK,GLENMORE PARK,50.990468,-114.131532,3204
BRD,BRIDGELAND/RIVERSIDE,51.050551,-114.03508,9785
MAH,MAHOGANY,50.895944,-113.924634,9590
BNK,BANKVIEW,51.034128,-114.100483,4414
DOV,DOVER,51.022568,-113.993054,6955
RUT,RUTLAND PARK,51.018991,-114.137361,1398
WSP,WEST SPRINGS,51.059773,-114.206686,5352
MLI,MAYLAND,51.0524,-114.0103,824
KEL,KELVIN GROVE,50.989881,-114.089028,1206
LIV,LIVINGSTON,51.18551,-114.065507,6125
01B,01B,51.102826,-114.242614,199
THO,THORNCLIFFE,51.103105,-114.068781,5921
SDC,SUNDANCE,50.90179,-114.042121,4390
QLD,QUEENSLAND,50.938224,-114.022572,2631
ROY,ROYAL OAK,51.14266,-114.219762,4137
MPL,MAPLE RIDGE,50.957638,-114.034689,2057
PAT,PATTERSON,51.06394,-114.177142,1843
AYB,ALYTH/BONNYBROOK,51.022859,-114.022482,1915
FHI,FOOTHILLS,50.993963,-113.982038,3094
BYV,BAYVIEW,50.974635,-114.113964,812
SFH,SOUTH FOOTHILLS,50.971242,-113.973673,691
06A,06A,51.059241,-114.229842,136
01K,01K,51.168723,-114.222713,277
12B,12B,50.939221,-113.898685,239
01H,01H,51.094638,-114.283181,14
CHA,CHAPARRAL,50.884673,-114.025669,5228
SOV,SOUTHVIEW,51.034152,-113.997339,3154
STR,STRATHCONA PARK,51.04741,-114.177587,3424
SOM,SOMERSET,50.898905,-114.081376,2791
ALB,ALBERT PARK/RADISSON HEIGHTS,51.044533,-113.996778,5648
NPK,NOSE HILL PARK,51.111277,-114.110691,925
PKD,PARKDALE,51.059948,-114.135333,3033
FHT,FOREST HEIGHTS,51.049243,-113.968758,3346
CRM,CRESTMONT,51.083702,-114.269083,1277
BVD,BELVEDERE,51.037829,-113.904983,1794
NHV,NORTH HAVEN,51.095942,-114.089421,1269
02F,02F,51.159766,-114.175108,571
PEG,PEGASUS,51.094479,-114.006508,296
10D,10D,51.103477,-113.91603,50
05D,05D,51.179594,-113.958661,151
05G,05G,51.136191,-113.916494,4
ASP,ASPEN WOODS,51.045215,-114.208387,3949
GAG,GARRISON GREEN,51.003055,-114.124526,1079
PKL,PARKLAND,50.920871,-114.02825,2144
OGD,OGDEN,50.991876,-114.01244,7542
MCT,MCKENZIE TOWNE,50.917149,-113.961353,8215
SPH,SPRINGBANK HILL,51.026565,-114.20982,5482
CLI,CLIFF BUNGALOW,51.033933,-114.074902,2448
HIW,HIGHWOOD,51.092359,-114.079891,2329
ABB,ABBEYDALE,51.059416,-113.927801,3006
NOL,NOLAN HILL,51.175306,-114.166348,3402
MEA,MEADOWLARK PARK,50.997858,-114.077352,1644
S23,SECTION 23,50.970927,-113.948133,556
ST4,STONEY 4,51.176197,-114.002758,143
10E,10E,51.081606,-113.916229,101
CAP,CAPITOL HILL,51.072665,-114.094631,5754
PKH,PARKHILL,51.018193,-114.065534,2473
SET,SETON,50.874158,-113.947931,6176
MLR,MILLRISE,50.917055,-114.084914,3037
UOC,UNIVERSITY OF CALGARY,51.075021,-114.129934,1143
GBK,GLENBROOK,51.024194,-114.152695,4585
SSW,SCARBORO/ SUNALTA WEST,51.0422,-114.114881,483
PEN,PENBROOKE MEADOWS,51.045853,-113.947687,4457
GRV,GREENVIEW,51.094856,-114.05747,983
LEB,LEWISBURG,51.186771,-114.038412,508
03W,03W,51.197958,-114.023986,71
13N,13N,50.944937,-114.14378,27
02B,02B,51.176018,-114.199397,68
13A,13A,50.914133,-114.19818,2
RAN,RANCHLANDS,51.119179,-114.183647,3999
FLI,FOREST LAWN INDUSTRIAL,51.027095,-113.95697,840
STA,ST. ANDREWS HEIGHTS,51.063911,-114.127437,1921
WAL,WALDEN,50.870404,-114.032619,4589
COV,COVENTRY HILLS,51.164911,-114.053142,6979
HIF,HIGHFIELD,51.018536,-114.037194,1283
GRI,GREENVIEW INDUSTRIAL PARK,51.086518,-114.049059,2068
SKE,SKYLINE EAST,51.100153,-114.038931,273
ALP,ALPINE PARK,50.917043,-114.147013,2060
RYV,ROYAL VISTA,51.149423,-114.20424,757
06B,06B,51.078126,-114.230437,25
13H,13H,50.889482,-114.117057,12
HOR,HORIZON,51.089901,-113.991696,1637
SIG,SIGNAL HILL,51.02326,-114.179907,6732
WHL,WEST HILLHURST,51.05508,-114.115159,6754
DIS,DISCOVERY RIDGE,51.016092,-114.217719,2194
BRE,BRENTWOOD,51.096066,-114.135919,5141
CHW,CHARLESWOOD,51.090088,-114.112212,3245
NGM,NORTH GLENMORE PARK,51.001428,-114.112256,2740
WND,WINDSOR PARK,51.005045,-114.083552,3283
PCK,PINE CREEK,50.856314,-114.067868,3343
COU,COUNTRY HILLS,51.143776,-114.079894,1813
EFV,EAST FAIRVIEW INDUSTRIAL,50.984033,-114.03864,1518
FAI,FAIRVIEW,50.985382,-114.060361,2525
12C,12C,50.925104,-113.903418,86
GDL,GLENDALE,51.033371,-114.152719,3475
ERI,ERIN WOODS,51.020976,-113.967669,3163
OPH,OSPREY HILL,51.083249,-114.23804,39
SCE,SCENIC ACRES,51.112707,-114.217341,4437
CRE,CRESCENT HEIGHTS,51.059497,-114.061618,7752
LKV,LAKEVIEW,50.999572,-114.129621,3944
LMR,LOWER MOUNT ROYAL,51.036503,-114.086499,2621
MOR,MONTEREY PARK,51.081517,-113.92684,3628
KIL,KILLARNEY/GLENGARRY,51.030132,-114.131731,8382
RCK,ROSSCARROCK,51.043288,-114.145486,3576
QPK,QUEENS PARK VILLAGE,51.085144,-114.077607,134
SHG,SHAGANAPPI,51.045211,-114.126653,3592
MAN,MANCHESTER,51.006243,-114.066654,1003
ESH,EAST SHEPARD INDUSTRIAL,50.95131,-113.95097,2789
COP,CANADA OLYMPIC PARK,51.081233,-114.2167,126
PAL,PALLISER,50.966767,-114.112159,1790
HSD,HOMESTEAD,51.12163,-113.9165,2089
SHS,SHAWNEE SLOPES,50.926188,-114.085802,1889
MER,MERIDIAN,51.056584,-113.996518,1087
MAF,MAYFAIR,50.995812,-114.088956,744
ST1,STONEY 1,51.161188,-114.024698,793
LPK,LINCOLN PARK,51.010274,-114.129992,1148
02C,02C,51.17591,-114.176641,211
13I,13I,50.89275,-114.099429,36
MRL,MARLBOROUGH,51.059544,-113.96998,5426
RSN,REDSTONE,51.170446,-113.957503,3590
OAK,OAKRIDGE,50.969663,-114.129614,3937
MCK,MCKENZIE LAKE,50.914866,-113.988187,6803
CRA,CRANSTON,50.878194,-113.980004,9567
RIC,RICHMOND,51.02971,-114.11842,5933
CAN,CANYON MEADOWS,50.940957,-114.082006,5146
NEB,NEW BRIGHTON,50.922066,-113.94524,5413
WWO,WOLF WILLOW,50.870709,-114.008628,2367
ROX,ROXBORO,51.026196,-114.067645,533
POI,POINT MCKAY,51.059541,-114.146149,494
ST2,STONEY 2,51.143384,-114.017191,572
SRI,SADDLE RIDGE INDUSTRIAL,51.12519,-113.97573,526
THS,TWINHILLS,51.045124,-113.877102,22
13F,13F,50.899416,-114.175008,44
13J,13J,50.874046,-114.088121,6
02L,02L,51.20454,-114.113151,28
05F,05F,51.147035,-113.916498,31
