rank,comm_code,comm_name,crew_tickets_2026,crew_tickets_all_years,crew_open_now,crew_open_gt60d,area_note,population_2021,area_km2,population_density,density_rank,density_percentile,geo_score,crew_2026_per_1000_people
1,BLN,BELTLINE,4301,14946,594,375,,25880,2.942846,8794.20805573924,3,0.9902439024390244,0.9931707317073171,166.1901081916538
2,BOW,BOWNESS,2916,13037,361,269,,10770,5.629194,1913.2401548072423,158,0.23414634146341465,0.4639024390243902,270.7520891364902
3,DNC,DOWNTOWN COMMERCIAL CORE,2647,10947,361,251,,8225,1.328765,6189.958344778798,8,0.9658536585365853,0.9760975609756097,321.82370820668694
4,FAL,FALCONRIDGE,2453,7918,186,110,,10325,2.156763,4787.26684387668,15,0.9317073170731708,0.9521951219512195,237.57869249394673
5,SAD,SADDLE RIDGE,2263,10396,370,312,,24365,5.595616,4354.301653294294,21,0.9024390243902439,0.9317073170731707,92.87912989944593
6,CRA,CRANSTON,2216,9479,252,181,,20850,8.255538,2525.5773760595616,115,0.44390243902439025,0.6107317073170732,106.28297362110311
7,BRD,BRIDGELAND/RIVERSIDE,2064,10693,435,350,,6350,3.049921,2082.021140875452,147,0.28780487804878047,0.5014634146341463,325.03937007874015
8,TUS,TUSCANY,2056,9034,225,172,,19700,6.799964,2897.0741609808524,84,0.5951219512195122,0.7165853658536585,104.36548223350253
9,MAH,MAHOGANY,2024,8448,219,168,,13860,6.300511,2199.821570028209,139,0.32682926829268294,0.5287804878048781,146.03174603174605
10,HIL,HILLHURST,2014,9407,344,263,,5475,2.068228,2647.1936362915503,100,0.5170731707317073,0.661951219512195,367.8538812785388
11,MCT,MCKENZIE TOWNE,1999,8531,303,247,,17505,4.824914,3628.0439402650495,48,0.7707317073170732,0.8395121951219511,114.19594401599544
12,HUN,HUNTINGTON HILLS,1894,9140,266,196,,13120,4.769946,2750.5552473759662,92,0.5560975609756098,0.6892682926829268,144.35975609756096
13,CRE,CRESCENT HEIGHTS,1846,8750,376,294,,6240,1.618686,3854.9786678824676,38,0.8195121951219512,0.8736585365853657,295.8333333333333
14,ING,INGLEWOOD,1835,8571,233,160,,4130,2.501208,1651.202139126374,164,0.2048780487804878,0.4434146341463414,444.3099273607748
15,CNS,CORNERSTONE,1831,7306,228,180,,6190,7.643593,809.828571458475,195,0.05365853658536585,0.33756097560975606,295.79967689822297
16,VAR,VARSITY,1825,8544,274,218,,12040,6.811693,1767.548831105571,162,0.2146341463414634,0.45024390243902435,151.578073089701
17,KIL,KILLARNEY/GLENGARRY,1825,7443,198,135,,7920,1.844581,4293.658017728688,22,0.8975609756097561,0.9282926829268292,230.42929292929293
18,OGD,OGDEN,1764,8287,256,189,,8315,4.139474,2008.7093191067272,151,0.2682926829268293,0.4878048780487805,212.14672279013828
19,ALT,ALTADORE,1699,6838,245,168,,7290,2.131302,3420.444404406321,55,0.7365853658536585,0.815609756097561,233.05898491083676
20,DOV,DOVER,1674,7752,199,143,,10795,4.151995,2599.954961410117,106,0.4878048780487805,0.6414634146341462,155.07179249652617
21,EDG,EDGEMONT,1668,7446,197,151,,15255,6.620913,2304.062898878146,131,0.36585365853658536,0.5560975609756098,109.34119960668633
22,WHL,WEST HILLHURST,1646,7680,306,254,,6635,2.359116,2812.4941715456125,86,0.5853658536585366,0.7097560975609756,248.0783722682743
23,DDG,DOUGLASDALE/GLEN,1641,7662,224,180,,12920,6.440721,2005.986596842186,152,0.2634146341463415,0.484390243902439,127.01238390092878
24,PAN,PANORAMA HILLS,1639,7386,222,174,,25535,6.335975,4030.1611038553656,29,0.8634146341463415,0.9043902439024389,64.18641080869395
25,REN,RENFREW,1626,7351,310,243,,6580,2.657646,2475.875267059646,120,0.4195121951219512,0.5936585365853658,247.11246200607903
26,EVN,EVANSTON,1597,7385,183,141,,18710,4.882337,3832.181187001225,39,0.8146341463414634,0.8702439024390243,85.35542490646714
27,COV,COVENTRY HILLS,1571,7119,184,158,,17350,4.084558,4247.705626900144,25,0.8829268292682927,0.9180487804878048,90.54755043227667
28,AUB,AUBURN BAY,1550,6937,182,149,,18090,4.524795,3997.9711788047857,31,0.8536585365853658,0.897560975609756,85.68269762299613
29,SIG,SIGNAL HILL,1535,7368,227,180,,13000,5.438282,2390.4608109693468,123,0.40487804878048783,0.5834146341463414,118.07692307692308
30,ACA,ACADIA,1506,6373,155,102,,9915,3.901022,2541.6416518543087,112,0.4585365853658537,0.6209756097560976,151.89107413010592
31,LKB,LAKE BONAVISTA,1498,7388,90,66,,10145,5.262499,1927.7913401978794,157,0.23902439024390243,0.4673170731707317,147.6589452932479
32,WHI,WHITEHORN,1492,6864,186,154,,11085,2.642698,4194.5769058742235,27,0.8731707317073171,0.9112195121951219,134.59630130807398
33,THO,THORNCLIFFE,1488,7278,240,202,,8695,3.269857,2659.137693177408,99,0.5219512195121951,0.6653658536585365,171.13283496262218
34,MOP,MOUNT PLEASANT,1476,7368,257,209,,6325,1.874144,3374.874075844759,56,0.7317073170731707,0.8121951219512196,233.3596837944664
35,FLN,FOREST LAWN,1470,7550,168,122,,7230,2.313088,3125.691716009075,70,0.6634146341463415,0.764390243902439,203.31950207468878
36,SSD,SUNNYSIDE,1458,6552,219,164,,4000,1.022688,3911.2613035451673,35,0.8341463414634146,0.8839024390243901,364.5
37,EVE,EVERGREEN,1453,6631,161,134,,20780,4.90651,4235.189574667126,26,0.8780487804878049,0.9146341463414633,69.92300288739173
38,BED,BEDDINGTON HEIGHTS,1444,6802,208,152,,11295,3.200191,3529.4768343514497,51,0.7560975609756098,0.8292682926829267,127.84417884019477
39,MON,MONTGOMERY,1440,7261,189,150,,4175,2.953511,1413.571847201517,176,0.14634146341463414,0.40243902439024387,344.9101796407186
40,RIC,RICHMOND,1400,6444,185,128,,5250,1.906059,2754.3743399338637,91,0.5609756097560976,0.6926829268292682,266.6666666666667
41,MCK,MCKENZIE LAKE,1390,7406,188,149,,13290,5.066311,2623.2104582604584,102,0.5073170731707317,0.6551219512195121,104.58991723100075
42,HAY,HAYSBORO,1366,6125,187,137,,6960,2.67044,2606.3120684231812,104,0.4975609756097561,0.6482926829268292,196.26436781609198
43,TAR,TARADALE,1348,5869,151,118,,17630,2.844447,6198.041306447263,7,0.9707317073170731,0.9795121951219512,76.46057855927396
44,HID,HIDDEN VALLEY,1344,5495,169,133,,11540,4.306115,2679.909849133151,97,0.5317073170731708,0.6721951219512194,116.46447140381284
45,EPK,ELBOW PARK,1298,5628,174,129,,3285,1.790415,1834.7701510543643,159,0.22926829268292684,0.46048780487804875,395.12937595129375
46,RIV,RIVERBEND,1285,6112,146,112,,9205,4.060517,2266.9527057761366,135,0.3463414634146341,0.5424390243902438,139.59804454101032
47,SIL,SILVER SPRINGS,1255,6253,162,136,,8570,5.016891,1708.2292599141579,163,0.2097560975609756,0.4468292682926829,146.44107351225205
48,DAL,DALHOUSIE,1248,6017,115,87,,8530,3.344253,2550.6443441928586,110,0.4682926829268293,0.6278048780487805,146.3071512309496
49,TUX,TUXEDO PARK,1248,5980,220,177,,5165,1.328655,3887.3898792387795,37,0.824390243902439,0.8770731707317072,241.6263310745402
50,MRT,MARTINDALE,1234,5799,129,96,,14540,2.688573,5408.073353410899,11,0.9512195121951219,0.9658536585365853,84.86932599724898
51,ALB,ALBERT PARK/RADISSON HEIGHTS,1231,5930,166,121,,6740,2.50803,2687.3681734269526,96,0.5365853658536586,0.6756097560975609,182.64094955489617
52,CAN,CANYON MEADOWS,1212,5502,114,82,,7435,3.080054,2413.918717009507,121,0.4146341463414634,0.5902439024390244,163.01277740416947
53,SOW,SOUTHWOOD,1205,6033,168,123,,6095,2.66522,2286.865624601346,134,0.35121951219512193,0.5458536585365853,197.70303527481542
54,RUN,RUNDLE,1204,5312,133,101,,10545,2.641711,3991.731116689146,33,0.8439024390243902,0.8907317073170731,114.17733522996681
55,SCE,SCENIC ACRES,1195,5279,142,113,,7850,4.435795,1769.6940458249312,161,0.21951219512195122,0.4536585365853658,152.22929936305732
56,PIN,PINERIDGE,1194,5669,178,143,,9850,2.640983,3729.6718683914287,42,0.8,0.8599999999999999,121.21827411167513
57,SHN,SHAWNESSY,1192,5901,148,113,,9055,3.648471,2481.8615798234387,119,0.424390243902439,0.5970731707317073,131.6399779127554
58,CHA,CHAPARRAL,1179,5405,128,106,,12500,5.447504,2294.628879574939,132,0.36097560975609755,0.5526829268292683,94.32000000000001
59,MRL,MARLBOROUGH,1175,5682,136,108,,8910,2.655826,3354.8884603132888,57,0.7268292682926829,0.8087804878048781,131.8742985409652
60,CAP,CAPITOL HILL,1165,5592,204,171,,4670,1.414506,3301.5059674543622,61,0.7073170731707317,0.7951219512195121,249.4646680942184
61,WBN,WOODBINE,1150,5273,141,92,,8745,3.227484,2709.5409303345887,94,0.5463414634146342,0.6824390243902438,131.50371640937678
62,ARB,ARBOUR LAKE,1147,5386,129,93,,10335,4.39375,2352.204836415363,126,0.3902439024390244,0.573170731707317,110.98209966134493
63,MPK,MARLBOROUGH PARK,1143,5207,152,120,,8290,2.48816,3331.7793067969906,59,0.7170731707317073,0.8019512195121952,137.8769601930036
64,LIV,LIVINGSTON,1138,5266,91,71,,3985,5.664755,703.4726126725692,197,0.04390243902439024,0.33073170731707313,285.57089084065245
65,SGH,SAGE HILL,1135,4747,177,137,,9345,3.722542,2510.3813469398065,118,0.4292682926829268,0.6004878048780488,121.45532370251472
66,LMR,LOWER MOUNT ROYAL,1121,2579,140,102,,2990,0.284317,10516.430603868219,1,1.0,1.0,374.9163879598662
67,TEM,TEMPLE,1103,5458,160,125,,10525,2.625338,4009.007602068762,30,0.8585365853658536,0.9009756097560975,104.79809976247031
68,SNA,SUNALTA,1096,4517,96,65,,3090,0.937197,3297.065611605671,62,0.7024390243902439,0.7917073170731707,354.6925566343042
69,WSP,WEST SPRINGS,1085,4830,152,118,,11560,4.17611,2768.1263185117245,90,0.5658536585365853,0.6960975609756097,93.85813148788927
70,WAL,WALDEN,1064,4287,102,86,,7650,2.460379,3109.2770666633064,71,0.6585365853658537,0.7609756097560976,139.08496732026143
71,GBK,GLENBROOK,1047,4607,124,72,,7240,1.961068,3691.8658608472524,44,0.7902439024390244,0.8531707317073169,144.6132596685083
72,SDC,SUNDANCE,1039,4829,138,91,,9590,3.980144,2409.460562230914,122,0.4097560975609756,0.5868292682926829,108.34202294056308
73,WIL,WILLOW PARK,1035,4693,103,61,,5090,3.400081,1497.0231591541494,172,0.16585365853658537,0.41609756097560974,203.33988212180745
74,RAN,RANCHLANDS,1015,4349,82,63,,7490,2.340172,3200.619441647879,67,0.6780487804878049,0.7746341463414634,135.51401869158877
75,CPF,COPPERFIELD,1013,5013,119,97,,14095,4.609046,3058.116582043225,75,0.6390243902439025,0.7473170731707317,71.86945725434552
76,HAW,HAWKWOOD,1010,4495,101,80,,9115,3.208462,2840.925028876764,85,0.5902439024390244,0.713170731707317,110.80636313768514
77,CIT,CITADEL,1006,4164,83,68,,10180,2.733364,3724.34845852949,43,0.7951219512195122,0.8565853658536584,98.82121807465619
78,MNI,MANCHESTER INDUSTRIAL,1002,4842,118,91,"No 2021 population count (industrial/business area, park, or built after 2021)",,4.573283,,,,0.3,
79,SOC,SOUTH CALGARY,1001,4580,145,121,,4540,0.887854,5113.453338048823,12,0.9463414634146341,0.9624390243902439,220.48458149779734
80,BRE,BRENTWOOD,1000,5222,198,170,,7410,2.892793,2561.5382780586096,108,0.47804878048780486,0.6346341463414633,134.9527665317139
81,LEG,LEGACY,981,5111,126,93,,8000,6.0854,1314.621881881224,178,0.13658536585365855,0.395609756097561,122.625
82,OAK,OAKRIDGE,976,4501,103,83,,5620,2.411086,2330.8998517680416,128,0.3804878048780488,0.5663414634146341,173.66548042704628
83,SET,SETON,947,4380,144,109,,3590,4.560266,787.2347797255686,196,0.04878048780487805,0.3341463414634146,263.7883008356546
84,KIN,KINGSLAND,943,4363,130,95,,4900,1.338048,3662.0509877074664,46,0.7804878048780488,0.846341463414634,192.44897959183675
85,PEN,PENBROOKE MEADOWS,932,4709,108,87,,8235,2.037684,4041.3528299775626,28,0.8682926829268293,0.9078048780487804,113.17547055251974
86,NEB,NEW BRIGHTON,929,4563,90,66,,12885,2.846973,4525.8595708494595,19,0.9121951219512195,0.9385365853658536,72.09934031819945
87,MOR,MONTEREY PARK,907,3739,109,98,,10475,3.446715,3039.1256602301028,77,0.6292682926829268,0.7404878048780488,86.5871121718377
88,RAM,RAMSAY,892,3759,88,61,,2155,0.985977,2185.649360989151,142,0.3121951219512195,0.5185365853658537,413.92111368909514
89,BNK,BANKVIEW,883,3949,96,70,,5125,0.686613,7464.175598189955,6,0.975609756097561,0.9829268292682927,172.29268292682926
90,LKV,LAKEVIEW,880,4667,109,74,,5640,2.240685,2517.087408538014,117,0.43414634146341463,0.6039024390243902,156.02836879432624
91,BRI,BRIDLEWOOD,880,4156,118,95,,12545,3.14132,3993.544115212713,32,0.848780487804878,0.8941463414634145,70.14746911119968
92,SPH,SPRINGBANK HILL,879,4599,149,126,,9840,6.507935,1512.0003503415446,171,0.17073170731707318,0.4195121951219512,89.32926829268293
93,SHG,SHAGANAPPI,877,3737,75,50,,1765,1.481267,1191.5475062902233,183,0.11219512195121951,0.37853658536585366,496.8838526912182
94,CSC,CITYSCAPE,873,3583,84,64,,5085,2.309012,2202.2406120020164,138,0.33170731707317075,0.5321951219512195,171.68141592920355
95,SVO,SILVERADO,868,3785,109,88,,7975,5.97207,1335.38287394488,177,0.14146341463414633,0.3990243902439024,108.84012539184954
96,BNF,BANFF TRAIL,852,4336,145,121,,3805,1.455182,2614.7932011253574,103,0.5024390243902439,0.6517073170731706,223.91590013140606
97,HPK,HIGHLAND PARK,845,3887,132,106,,4105,1.368344,2999.9766140678075,78,0.624390243902439,0.7370731707317073,205.84652862362972
98,HAR,HARVEST HILLS,843,3623,96,70,,7805,2.179341,3581.3578508365604,50,0.7609756097560976,0.8326829268292681,108.00768737988469
99,BRA,BRAESIDE,831,4194,72,44,,5700,1.961464,2905.992666702014,83,0.6,0.72,145.78947368421052
100,WIN,WINSTON HEIGHTS/MOUNTVIEW,826,3837,125,91,,3605,3.019755,1193.805457727531,182,0.11707317073170732,0.38195121951219513,229.126213592233
101,GLA,GLAMORGAN,824,3811,111,85,,6575,2.032795,3234.4628946844123,65,0.6878048780487804,0.7814634146341463,125.3231939163498
102,MAL,MAYLAND HEIGHTS,823,4778,125,105,,5925,2.02273,2929.209533650067,80,0.6146341463414634,0.7302439024390244,138.90295358649792
103,MIS,MISSION,812,3619,113,86,,4505,0.535295,8415.920193538142,4,0.9853658536585366,0.9897560975609756,180.2441731409545
104,SKR,SKYVIEW RANCH,810,3426,97,83,,12870,2.310573,5570.046910441695,10,0.9560975609756097,0.9692682926829268,62.93706293706294
105,CAR,CARRINGTON,807,3846,55,42,,2750,2.988757,920.1149507972713,191,0.07317073170731707,0.35121951219512193,293.4545454545455
106,ROY,ROYAL OAK,802,3808,88,72,,11580,3.562663,3250.3775967583797,64,0.6926829268292682,0.7848780487804877,69.2573402417962
107,STR,STRATHCONA PARK,800,3787,142,111,,6830,2.705643,2524.353730333233,116,0.43902439024390244,0.6073170731707317,117.13030746705711
108,GDL,GLENDALE,796,3538,74,47,,2715,1.369473,1982.5144416866926,154,0.25365853658536586,0.4775609756097561,293.18600368324127
109,ASP,ASPEN WOODS,791,3842,101,85,,9435,3.992582,2363.132429089747,125,0.3951219512195122,0.5765853658536585,83.83677795442502
110,CHW,CHARLESWOOD,791,3787,123,107,,3595,1.831216,1963.176381158749,155,0.24878048780487805,0.4741463414634146,220.0278164116829
111,ERI,ERIN WOODS,791,3390,71,48,,6790,1.597924,4249.263419286524,24,0.8878048780487805,0.9214634146341463,116.49484536082474
112,HOU,HOUNSFIELD HEIGHTS/BRIAR HILL,783,3738,129,103,,2470,1.179723,2093.7118289632394,146,0.2926829268292683,0.5048780487804878,317.00404858299595
113,UMR,UPPER MOUNT ROYAL,762,3415,116,102,,2735,1.274841,2145.3655789231757,143,0.3073170731707317,0.5151219512195122,278.61060329067647
114,FHT,FOREST HEIGHTS,747,3703,72,51,,5985,1.505505,3975.4102444030405,34,0.8390243902439024,0.8873170731707316,124.81203007518798
115,NOL,NOLAN HILL,747,3049,90,73,,8755,2.046593,4277.841270834015,23,0.8926829268292683,0.9248780487804877,85.32267275842375
116,RVW,RANGEVIEW,743,2499,24,13,"No 2021 population count (industrial/business area, park, or built after 2021)",,4.823078,,,,0.3,
117,SPR,SPRUCE CLIFF,742,3132,85,68,,4195,1.074366,3904.628404100651,36,0.8292682926829268,0.8804878048780487,176.8772348033373
118,RCK,ROSSCARROCK,727,3455,66,41,,3490,1.06752,3269.259592326139,63,0.697560975609756,0.7882926829268292,208.30945558739256
119,SOV,SOUTHVIEW,724,3792,114,83,,1550,1.592729,973.172460600642,189,0.08292682926829269,0.35804878048780486,467.0967741935484
120,WLD,WILDWOOD,723,3363,61,38,,2765,2.563502,1078.6026303080707,187,0.09268292682926829,0.3648780487804878,261.48282097649184
121,GPK,GLENMORE PARK,721,3400,48,29,"No 2021 population count (industrial/business area, park, or built after 2021)",,10.161658,,,,0.3,
122,SAN,SANDSTONE VALLEY,713,3335,64,55,,5795,1.800748,3218.107142143154,66,0.6829268292682927,0.7780487804878049,123.03710094909405
123,CED,CEDARBRAE,709,3560,82,53,,5935,2.030107,2923.491224846769,81,0.6097560975609756,0.7268292682926829,119.46082561078349
124,MID,MIDNAPORE,700,3799,102,71,,6480,2.954704,2193.1130834086935,140,0.32195121951219513,0.5253658536585366,108.02469135802468
125,ROC,ROCKY RIDGE,687,3128,69,54,,8195,2.808513,2917.9142129660786,82,0.6048780487804878,0.7234146341463414,83.83160463697376
126,PCK,PINE CREEK,673,2943,45,26,,245,2.498575,98.05589185835926,204,0.00975609756097561,0.3068292682926829,2746.9387755102043
127,GLR,GLACIER RIDGE,670,2683,50,40,"No 2021 population count (industrial/business area, park, or built after 2021)",,4.623175,,,,0.3,
128,MLR,MILLRISE,667,3212,76,60,,6655,1.78256,3733.3946683421595,41,0.8048780487804879,0.8634146341463413,100.22539444027046
129,HSN,HASKAYNE,667,2542,45,30,"No 2021 population count (industrial/business area, park, or built after 2021)",,5.826607,,,,0.3,
130,NGM,NORTH GLENMORE PARK,663,3084,103,67,,2435,1.156219,2106.002409578116,144,0.3024390243902439,0.5117073170731707,272.2792607802875
131,DRN,DEER RUN,660,3100,61,41,,4910,1.91943,2558.0510880834413,109,0.47317073170731705,0.6312195121951218,134.41955193482687
132,DNE,DOWNTOWN EAST VILLAGE,657,3542,82,61,,3140,0.522153,6013.563074424546,9,0.9609756097560975,0.9726829268292683,209.23566878980893
133,FAI,FAIRVIEW,644,2865,67,27,,3675,1.320583,2782.8618117907013,88,0.5756097560975609,0.7029268292682926,175.23809523809524
134,WOO,WOODLANDS,642,3175,76,51,,5830,2.804512,2078.7930306591666,148,0.28292682926829266,0.4980487804878049,110.12006861063465
135,PKD,PARKDALE,633,3014,78,66,,2300,1.051591,2187.1621191128493,141,0.3170731707317073,0.5219512195121951,275.2173913043478
136,HAM,HAMPTONS,619,2774,82,72,,7360,3.502357,2101.4419717921387,145,0.2975609756097561,0.5082926829268293,84.1032608695652
137,PKH,PARKHILL,613,2929,86,67,,1770,0.657531,2691.888291198438,95,0.5414634146341464,0.6790243902439024,346.32768361581924
138,ABB,ABBEYDALE,599,3147,69,55,,5925,1.701101,3483.038338111611,52,0.751219512195122,0.8258536585365852,101.0970464135021
139,COR,CORAL SPRINGS,599,2533,95,81,,5610,1.817595,3086.496166637782,74,0.6439024390243903,0.7507317073170732,106.77361853832443
140,WGT,WESTGATE,590,2598,69,51,,3225,1.164263,2769.9926906549463,89,0.5707317073170731,0.6995121951219512,182.9457364341085
141,DRG,DEER RIDGE,583,2217,61,49,,3795,1.417007,2678.1801360190884,98,0.526829268292683,0.668780487804878,153.62318840579712
142,CAS,CASTLERIDGE,580,3040,74,61,,6130,1.212386,5056.145485018797,13,0.9414634146341463,0.9590243902439024,94.61663947797716
143,RSN,REDSTONE,577,2801,77,64,,9050,1.953095,4633.67117318922,17,0.9219512195121952,0.9453658536585365,63.75690607734806
144,MRN,MORAINE,575,1512,32,20,"No 2021 population count (industrial/business area, park, or built after 2021)",,2.670334,,,,0.3,
145,PKL,PARKLAND,570,2619,63,48,,3430,1.888524,1816.2332064617658,160,0.22439024390243903,0.4570731707317073,166.1807580174927
146,ALP,ALPINE PARK,570,2069,45,29,"No 2021 population count (industrial/business area, park, or built after 2021)",,3.921422,,,,0.3,
147,CLI,CLIFF BUNGALOW,563,2473,79,55,,1805,0.362864,4974.315446007319,14,0.9365853658536586,0.9556097560975609,311.91135734072026
148,EAU,EAU CLAIRE,561,2142,52,38,,1875,0.516147,3632.6860371173325,47,0.775609756097561,0.8429268292682925,299.20000000000005
149,DNW,DOWNTOWN WEST END,549,2499,53,35,,2825,0.364555,7749.173650066519,5,0.9804878048780488,0.9863414634146341,194.3362831858407
150,FHI,FOOTHILLS,548,2655,68,56,"No 2021 population count (industrial/business area, park, or built after 2021)",,7.718347,,,,0.3,
151,QLD,QUEENSLAND,544,2784,43,31,,4585,1.557737,2943.372340773828,79,0.6195121951219512,0.7336585365853658,118.64776444929116
152,VAL,VALLEY RIDGE,542,2518,53,45,,5365,3.290706,1630.3492320492926,165,0.2,0.43999999999999995,101.02516309412862
153,RDL,ROSEDALE,533,2707,78,66,,1495,0.661732,2259.2227669207473,136,0.34146341463414637,0.5390243902439025,356.52173913043475
154,WND,WINDSOR PARK,527,2782,88,65,,4410,1.275915,3456.3430949553854,54,0.7414634146341463,0.8190243902439025,119.50113378684807
155,MAC,MACEWAN GLEN,523,2586,66,53,,4740,1.41837,3341.864252628017,58,0.7219512195121951,0.8053658536585366,110.33755274261603
156,ERL,ERLTON,520,2162,60,39,,1280,0.505672,2531.285101805123,113,0.45365853658536587,0.6175609756097561,406.25
157,SOM,SOMERSET,516,2821,61,40,,8320,2.187442,3803.5294192943174,40,0.8097560975609757,0.8668292682926828,62.019230769230774
158,KCA,KINCORA,515,2252,56,40,,7030,2.271442,3094.9502562689254,73,0.6487804878048781,0.7541463414634146,73.2574679943101
159,ESH,EAST SHEPARD INDUSTRIAL,514,2154,107,90,"No 2021 population count (industrial/business area, park, or built after 2021)",,17.340996,,,,0.3,
160,CGR,COUGAR RIDGE,510,2134,43,32,,7150,2.262833,3159.755934264703,68,0.6731707317073171,0.771219512195122,71.32867132867132
161,WWO,WOLF WILLOW,510,2027,38,30,,525,2.854409,183.92598958313263,203,0.014634146341463415,0.3102439024390244,971.4285714285714
162,BLM,BELMONT,486,2080,32,25,,800,2.845305,281.164936623666,202,0.01951219512195122,0.31365853658536585,607.5
163,DIS,DISCOVERY RIDGE,479,2134,52,44,,4330,3.581198,1209.09259973897,181,0.12195121951219512,0.3853658536585366,110.62355658198614
164,MPL,MAPLE RIDGE,477,2264,33,26,,1830,2.695283,678.9639529503952,199,0.03414634146341464,0.32390243902439025,260.655737704918
165,HKS,HOTCHKISS,471,1312,22,13,"No 2021 population count (industrial/business area, park, or built after 2021)",,3.109309,,,,0.3,
166,COL,COLLINGWOOD,469,2536,111,98,,2290,1.562191,1465.8898943855136,173,0.16097560975609757,0.41268292682926827,204.80349344978166
167,COA,COACH HILL,463,1742,58,45,,3275,1.073119,3051.851658576542,76,0.6341463414634146,0.7439024390243902,141.3740458015267
168,WES,WESTWINDS,458,2039,95,79,"No 2021 population count (industrial/business area, park, or built after 2021)",,1.95527,,,,0.3,
169,SHW,SHERWOOD,458,1979,63,47,,6520,2.393801,2723.701761341064,93,0.551219512195122,0.6858536585365853,70.24539877300613
170,CAM,CAMBRIAN HEIGHTS,449,2267,87,77,,2000,0.864019,2314.7639114417625,130,0.37073170731707317,0.5595121951219513,224.5
171,PAT,PATTERSON,448,1819,48,38,,4145,2.045978,2025.9259874739612,149,0.2780487804878049,0.4946341463414634,108.08202653799759
172,AYB,ALYTH/BONNYBROOK,447,1749,69,56,"No 2021 population count (industrial/business area, park, or built after 2021)",,3.801669,,,,0.3,
173,HSD,HOMESTEAD,443,1841,30,20,"No 2021 population count (industrial/business area, park, or built after 2021)",,1.612066,,,,0.3,
174,GAW,GARRISON WOODS,439,2198,66,50,,2860,0.7773,3679.4030618808697,45,0.7853658536585366,0.8497560975609755,153.4965034965035
175,BVD,BELVEDERE,438,1436,40,30,"No 2021 population count (industrial/business area, park, or built after 2021)",,3.667013,,,,0.3,
176,GRI,GREENVIEW INDUSTRIAL PARK,436,2061,86,76,"No 2021 population count (industrial/business area, park, or built after 2021)",,2.139579,,,,0.3,
177,STA,ST. ANDREWS HEIGHTS,435,1964,66,56,,1345,1.160099,1159.3838112092158,186,0.0975609756097561,0.36829268292682926,323.42007434944236
178,HIW,HIGHWOOD,422,2513,103,91,,2205,0.949908,2321.2774289720687,129,0.375609756097561,0.5629268292682926,191.38321995464852
179,SHS,SHAWNEE SLOPES,416,1662,60,42,,2020,1.250301,1615.6109608806198,166,0.1951219512195122,0.4365853658536585,205.94059405940592
180,EYA,ELBOYA,412,2049,69,44,,1835,0.721833,2542.1392482748784,111,0.4634146341463415,0.624390243902439,224.52316076294278
181,APP,APPLEWOOD PARK,388,2069,35,21,,6830,1.55369,4395.986329319234,20,0.9073170731707317,0.9351219512195121,56.80819912152269
182,COU,COUNTRY HILLS,386,1932,66,44,,3660,1.88878,1937.7587649170364,156,0.24390243902439024,0.47073170731707314,105.46448087431693
183,SCA,SCARBORO,385,1746,59,46,,1010,0.45595,2215.1551705230836,137,0.33658536585365856,0.535609756097561,381.18811881188117
184,CHK,CHINOOK PARK,381,1589,45,33,,1535,0.581923,2637.8060327569115,101,0.5121951219512195,0.6585365853658536,248.2084690553746
185,RUT,RUTLAND PARK,367,1548,48,35,,2140,0.68128,3141.146077970878,69,0.6682926829268293,0.7678048780487805,171.49532710280374
186,CHN,CHINATOWN,359,1446,40,31,,2250,0.246719,9119.686769158436,2,0.9951219512195122,0.9965853658536585,159.55555555555557
187,UNI,UNIVERSITY HEIGHTS,358,1511,58,49,,2965,0.817271,3627.927578489877,49,0.7658536585365854,0.8360975609756096,120.74198988195616
188,PAL,PALLISER,344,1543,35,29,,3285,0.987738,3325.7807232282244,60,0.7121951219512195,0.7985365853658536,104.71841704718416
189,CUR,CURRIE BARRACKS,344,1229,40,26,,1275,0.985187,1294.1705483324486,180,0.12682926829268293,0.38878048780487806,269.8039215686274
190,RRC,RICARDO RANCH,343,592,18,6,"No 2021 population count (industrial/business area, park, or built after 2021)",,6.008625,,,,0.3,
191,MEA,MEADOWLARK PARK,338,1888,65,52,,610,0.633184,963.3850507909234,190,0.07804878048780488,0.3546341463414634,554.0983606557377
192,SUN,SUNRIDGE,324,1589,42,36,"No 2021 population count (industrial/business area, park, or built after 2021)",,2.262083,,,,0.3,
193,YKV,YORKVILLE,324,1547,24,23,,715,1.991748,358.98115625069033,201,0.024390243902439025,0.3170731707317073,453.1468531468532
194,VIS,VISTA HEIGHTS,315,1540,48,39,,2300,1.13861,2020.0068504580147,150,0.2731707317073171,0.49121951219512194,136.9565217391304
195,BUR,BURNS INDUSTRIAL,314,1316,50,42,"No 2021 population count (industrial/business area, park, or built after 2021)",,2.885856,,,,0.3,
196,CHR,CHRISTIE PARK,294,1213,29,22,,1880,0.819332,2294.5521473590684,133,0.35609756097560974,0.5492682926829268,156.38297872340425
197,PUM,PUMP HILL,290,1259,26,17,,1455,0.942692,1543.4521561655345,168,0.18536585365853658,0.4297560975609756,199.3127147766323
198,SSW,SCARBORO/SUNALTA WEST,285,1268,26,17,,465,0.354647,1311.1629310271906,179,0.13170731707317074,0.3921951219512195,612.9032258064516
199,CHV,COUNTRY HILLS VILLAGE,284,1124,35,26,,2480,0.952215,2604.453826079194,105,0.4926829268292683,0.6448780487804877,114.51612903225806
200,KEL,KELVIN GROVE,274,1376,42,30,,1805,0.770273,2343.325028918319,127,0.3853658536585366,0.5697560975609756,151.80055401662048
201,NHV,NORTH HAVEN,270,1515,67,55,,2365,0.845767,2796.2784076465505,87,0.5804878048780487,0.7063414634146341,114.16490486257928
202,CRM,CRESTMONT,263,1337,34,26,,2275,2.697383,843.4100756177377,193,0.06341463414634146,0.344390243902439,115.6043956043956
203,ST3,STONEY 3,260,1084,32,26,"No 2021 population count (industrial/business area, park, or built after 2021)",,1.316862,,,,0.3,
204,BYV,BAYVIEW,259,1010,22,15,,670,0.423921,1580.4831560597377,167,0.1902439024390244,0.433170731707317,386.56716417910445
205,NPK,NOSE HILL PARK,254,1071,9,8,"No 2021 population count (industrial/business area, park, or built after 2021)",,11.607792,,,,0.3,
206,RMT,ROSEMONT,249,1297,57,50,,1155,0.449223,2571.106109883065,107,0.48292682926829267,0.6380487804878048,215.58441558441558
207,SHI,SHEPARD INDUSTRIAL,242,1086,47,38,,265,4.196307,63.15076566133031,205,0.004878048780487805,0.30341463414634146,913.2075471698114
208,GAG,GARRISON GREEN,239,1304,29,18,,1680,0.36054,4659.677150940256,16,0.926829268292683,0.948780487804878,142.26190476190476
209,HOR,HORIZON,237,1388,45,30,"No 2021 population count (industrial/business area, park, or built after 2021)",,2.310663,,,,0.3,
210,EFV,EAST FAIRVIEW INDUSTRIAL,232,907,37,28,"No 2021 population count (industrial/business area, park, or built after 2021)",,2.314861,,,,0.3,
211,FVI,FAIRVIEW INDUSTRIAL,226,935,23,19,"No 2021 population count (industrial/business area, park, or built after 2021)",,1.278927,,,,0.3,
212,SAW,SOUTH AIRWAYS,223,1103,47,39,"No 2021 population count (industrial/business area, park, or built after 2021)",,1.89215,,,,0.3,
213,HIF,HIGHFIELD,222,1081,35,25,"No 2021 population count (industrial/business area, park, or built after 2021)",,2.755491,,,,0.3,
214,ST1,STONEY 1,220,882,61,55,"No 2021 population count (industrial/business area, park, or built after 2021)",,6.239518,,,,0.3,
215,SGL,STONEGATE LANDING,219,1144,52,44,"No 2021 population count (industrial/business area, park, or built after 2021)",,5.436291,,,,0.3,
216,BDO,BONAVISTA DOWNS,219,894,15,12,,830,0.57093,1453.7684129402903,174,0.15609756097560976,0.4092682926829268,263.855421686747
217,FRA,FRANKLIN,217,1083,31,24,"No 2021 population count (industrial/business area, park, or built after 2021)",,1.465002,,,,0.3,
218,HUX,HUXLEY,209,318,15,10,"No 2021 population count (industrial/business area, park, or built after 2021)",,4.183118,,,,0.3,
219,SKW,SKYLINE WEST,206,734,46,41,"No 2021 population count (industrial/business area, park, or built after 2021)",,0.826114,,,,0.3,
220,MLI,MAYLAND,205,853,30,25,"No 2021 population count (industrial/business area, park, or built after 2021)",,1.226525,,,,0.3,
221,GRV,GREENVIEW,202,978,33,28,,2100,0.454186,4623.656387471213,18,0.9170731707317074,0.9419512195121951,96.19047619047619
222,BRT,BRITANNIA,201,1144,45,35,,765,0.501745,1524.6788707411135,170,0.17560975609756097,0.42292682926829267,262.7450980392157
223,ABP,AURORA BUSINESS PARK,200,799,27,18,"No 2021 population count (industrial/business area, park, or built after 2021)",,2.400178,,,,0.3,
224,LEB,LEWISBURG,196,545,7,1,"No 2021 population count (industrial/business area, park, or built after 2021)",,2.5941,,,,0.3,
225,MAN,MANCHESTER,189,757,27,23,,950,0.473613,2005.8571027400008,153,0.25853658536585367,0.48097560975609754,198.94736842105263
226,RID,RIDEAU PARK,181,904,29,21,,675,0.267126,2526.897419195436,114,0.44878048780487806,0.6141463414634146,268.14814814814815
227,CIA,CALGARY INTERNATIONAL AIRPORT,180,977,42,39,"No 2021 population count (industrial/business area, park, or built after 2021)",,20.588954,,,,0.3,
228,GRE,GREENWOOD/GREENBRIAR,179,704,16,11,,1055,1.190709,886.0267286129524,192,0.06829268292682927,0.34780487804878046,169.66824644549763
229,UND,UNIVERSITY DISTRICT,172,766,35,24,,960,1.15347,832.2713204504669,194,0.05853658536585366,0.34097560975609753,179.16666666666666
230,MCI,MCCALL,167,892,27,26,"No 2021 population count (industrial/business area, park, or built after 2021)",,2.388163,,,,0.3,
231,LPK,LINCOLN PARK,167,854,34,26,,1590,1.485457,1070.3776682865946,188,0.08780487804878048,0.36146341463414633,105.03144654088051
232,FPK,FISH CREEK PARK,167,771,33,31,,430,15.288576,28.12557559317493,206,0.0,0.3,388.37209302325584
233,ROX,ROXBORO,167,710,22,12,,415,0.271964,1525.9372564015825,169,0.18048780487804877,0.42634146341463414,402.4096385542168
234,EAG,EAGLE RIDGE,157,694,10,5,,260,0.376366,690.8169175749139,198,0.03902439024390244,0.3273170731707317,603.8461538461538
235,MER,MERIDIAN,156,884,30,25,"No 2021 population count (industrial/business area, park, or built after 2021)",,1.383228,,,,0.3,
236,FLI,FOREST LAWN INDUSTRIAL,156,852,24,14,"No 2021 population count (industrial/business area, park, or built after 2021)",,1.533306,,,,0.3,
237,S23,SECTION 23,149,726,22,19,"No 2021 population count (industrial/business area, park, or built after 2021)",,3.073929,,,,0.3,
238,UOC,UNIVERSITY OF CALGARY,149,674,25,23,"No 2021 population count (industrial/business area, park, or built after 2021)",,1.501181,,,,0.3,
239,RYV,ROYAL VISTA,134,597,18,17,"No 2021 population count (industrial/business area, park, or built after 2021)",,1.31252,,,,0.3,
240,NAW,NORTH AIRWAYS,132,625,14,12,"No 2021 population count (industrial/business area, park, or built after 2021)",,1.210832,,,,0.3,
241,SRI,SADDLE RIDGE INDUSTRIAL,129,494,30,23,"No 2021 population count (industrial/business area, park, or built after 2021)",,2.538983,,,,0.3,
242,SFH,SOUTH FOOTHILLS,119,630,26,22,"No 2021 population count (industrial/business area, park, or built after 2021)",,3.560266,,,,0.3,
243,VAF,VALLEYFIELD,119,464,18,15,"No 2021 population count (industrial/business area, park, or built after 2021)",,1.211319,,,,0.3,
244,MDH,MEDICINE HILL,118,427,24,16,"No 2021 population count (industrial/business area, park, or built after 2021)",,1.197538,,,,0.3,
245,09Q,09Q,116,612,13,10,Residual sub-area: land outside a named community,,6.775219,,,,0.3,
246,DIA,DIAMOND COVE,116,441,14,11,,625,0.535394,1167.3645950458913,185,0.1024390243902439,0.37170731707317073,185.6
247,RED,RED CARPET,114,598,14,10,,1745,0.562991,3099.5166885438666,72,0.6536585365853659,0.7575609756097561,65.32951289398281
248,GPI,GREAT PLAINS,112,518,23,21,"No 2021 population count (industrial/business area, park, or built after 2021)",,4.27072,,,,0.3,
249,BEL,BEL-AIRE,112,513,20,16,,400,0.337111,1186.5527971499002,184,0.1073170731707317,0.3751219512195122,280.0
250,DBC,DEERFOOT BUSINESS CENTRE,112,489,28,27,"No 2021 population count (industrial/business area, park, or built after 2021)",,1.967135,,,,0.3,
251,MAF,MAYFAIR,109,1001,23,16,,410,0.289495,1416.2593481752708,175,0.15121951219512195,0.40585365853658534,265.8536585365854
252,POI,POINT MCKAY,107,466,14,10,,1330,0.383263,3470.201924005187,53,0.7463414634146341,0.822439024390244,80.45112781954887
253,02F,02F,98,431,13,11,Residual sub-area: land outside a named community,,3.295559,,,,0.3,
254,12A,12A,95,336,18,14,Residual sub-area: land outside a named community,,11.647296,,,,0.3,
255,NHU,NORTH HAVEN UPPER,90,537,27,24,,640,0.269156,2377.8032070620757,124,0.4,0.58,140.625
256,ST2,STONEY 2,85,592,31,23,"No 2021 population count (industrial/business area, park, or built after 2021)",,3.951123,,,,0.3,
257,ABR,AMBLERIDGE,80,106,11,9,"No 2021 population count (industrial/business area, park, or built after 2021)",,3.049373,,,,0.3,
258,12B,12B,77,311,7,7,Residual sub-area: land outside a named community,,8.053065,,,,0.3,
259,05D,05D,76,216,13,10,Residual sub-area: land outside a named community,,1.451963,,,,0.3,
260,STD,STARFIELD,70,368,22,20,"No 2021 population count (industrial/business area, park, or built after 2021)",,5.96974,,,,0.3,
261,01K,01K,60,222,6,3,Residual sub-area: land outside a named community,,5.289023,,,,0.3,
262,09H,09H,58,231,6,6,Residual sub-area: land outside a named community,,0.561505,,,,0.3,
263,PEG,PEGASUS,54,308,8,7,"No 2021 population count (industrial/business area, park, or built after 2021)",,0.256172,,,,0.3,
264,SKE,SKYLINE EAST,54,213,22,20,"No 2021 population count (industrial/business area, park, or built after 2021)",,0.540646,,,,0.3,
265,KSH,KEYSTONE HILLS,52,63,2,2,"No 2021 population count (industrial/business area, park, or built after 2021)",,1.200051,,,,0.3,
266,09D,09D,46,204,6,6,Residual sub-area: land outside a named community,,0.404165,,,,0.3,
267,11B,11B,44,122,6,4,Residual sub-area: land outside a named community,,3.75331,,,,0.3,
268,09P,09P,42,165,6,5,Residual sub-area: land outside a named community,,6.536871,,,,0.3,
269,GBP,GLENDEER BUSINESS PARK,41,127,5,3,"No 2021 population count (industrial/business area, park, or built after 2021)",,0.269732,,,,0.3,
270,EFI,EASTFIELD,40,190,7,5,"No 2021 population count (industrial/business area, park, or built after 2021)",,1.116229,,,,0.3,
271,QPK,QUEENS PARK VILLAGE,40,161,5,5,,375,0.619076,605.7414598530714,200,0.02926829268292683,0.3204878048780488,106.66666666666667
272,OPH,OSPREY HILL,38,45,2,0,"No 2021 population count (industrial/business area, park, or built after 2021)",,0.211814,,,,0.3,
273,06A,06A,34,97,3,3,Residual sub-area: land outside a named community,,2.307023,,,,0.3,
274,OSH,OGDEN SHOPS,33,132,4,3,"No 2021 population count (industrial/business area, park, or built after 2021)",,2.223202,,,,0.3,
275,01B,01B,31,170,6,2,Residual sub-area: land outside a named community,,1.977243,,,,0.3,
276,ST4,STONEY 4,31,154,10,9,"No 2021 population count (industrial/business area, park, or built after 2021)",,4.335079,,,,0.3,
277,SVR,SYMONS VALLEY RANCH,31,49,5,4,"No 2021 population count (industrial/business area, park, or built after 2021)",,0.149379,,,,0.3,
278,STE,STARFIELD EAST,29,168,8,6,"No 2021 population count (industrial/business area, park, or built after 2021)",,1.642708,,,,0.3,
279,GTI,GOLDEN TRIANGLE,28,124,7,2,"No 2021 population count (industrial/business area, park, or built after 2021)",,0.507563,,,,0.3,
280,12J,12J,23,84,1,1,Residual sub-area: land outside a named community,,17.339014,,,,0.3,
281,13F,13F,23,62,6,5,Residual sub-area: land outside a named community,,2.671105,,,,0.3,
282,02C,02C,21,104,10,6,Residual sub-area: land outside a named community,,1.478599,,,,0.3,
283,01F,01F,19,54,5,5,Residual sub-area: land outside a named community,,0.884168,,,,0.3,
284,02E,02E,18,69,2,1,Residual sub-area: land outside a named community,,2.61886,,,,0.3,
285,03W,03W,16,78,21,20,Residual sub-area: land outside a named community,,12.95494,,,,0.3,
286,02K,02K,16,38,2,0,Residual sub-area: land outside a named community,,2.631787,,,,0.3,
287,13G,13G,15,70,3,3,Residual sub-area: land outside a named community,,5.10868,,,,0.3,
288,12C,12C,13,55,6,4,Residual sub-area: land outside a named community,,1.655467,,,,0.3,
289,10E,10E,12,72,7,7,Residual sub-area: land outside a named community,,1.878164,,,,0.3,
290,12L,12L,11,56,2,2,Residual sub-area: land outside a named community,,2.578032,,,,0.3,
291,13E,13E,11,48,2,2,Residual sub-area: land outside a named community,,2.69964,,,,0.3,
292,COP,CANADA OLYMPIC PARK,11,48,1,1,"No 2021 population count (industrial/business area, park, or built after 2021)",,0.873247,,,,0.3,
293,05F,05F,11,45,7,6,Residual sub-area: land outside a named community,,1.080985,,,,0.3,
294,05E,05E,10,55,3,2,Residual sub-area: land outside a named community,,3.134342,,,,0.3,
295,01C,01C,7,82,6,6,Residual sub-area: land outside a named community,,0.642871,,,,0.3,
296,01H,01H,6,16,1,1,Residual sub-area: land outside a named community,,1.616305,,,,0.3,
297,GPE,GREAT PLAINS EAST,6,16,0,0,"No 2021 population count (industrial/business area, park, or built after 2021)",,1.079775,,,,0.3,
298,10D,10D,5,35,2,2,Residual sub-area: land outside a named community,,0.831663,,,,0.3,
299,THS,TWINHILLS,5,20,2,2,"No 2021 population count (industrial/business area, park, or built after 2021)",,1.994777,,,,0.3,
300,N/A,N/A,4,153,37,37,,,,,,,0.3,
301,13I,13I,4,21,0,0,Residual sub-area: land outside a named community,,0.258342,,,,0.3,
302,13N,13N,4,19,0,0,Residual sub-area: land outside a named community,,0.568131,,,,0.3,
303,02L,02L,3,43,9,8,Residual sub-area: land outside a named community,,3.918756,,,,0.3,
304,06C,06C,3,24,0,0,Residual sub-area: land outside a named community,,0.522619,,,,0.3,
305,02B,02B,2,48,0,0,Residual sub-area: land outside a named community,,2.665279,,,,0.3,
306,13M,13M,2,34,0,0,Residual sub-area: land outside a named community,,2.845494,,,,0.3,
307,05G,05G,2,4,1,0,Residual sub-area: land outside a named community,,0.529748,,,,0.3,
308,13H,13H,1,32,1,1,Residual sub-area: land outside a named community,,0.3326,,,,0.3,
309,12K,12K,1,21,0,0,Residual sub-area: land outside a named community,,0.780292,,,,0.3,
310,13J,13J,1,6,0,0,Residual sub-area: land outside a named community,,0.658468,,,,0.3,
311,ABT,AMBLETON,0,469,0,0,Not in the 2021 census,,,,,,0.3,
312,06B,06B,0,9,0,0,Residual sub-area: land outside a named community,,0.43294,,,,0.3,
313,09O,09O,0,8,0,0,Residual sub-area: land outside a named community,,1.976038,,,,0.3,
314,01I,01I,0,5,0,0,Residual sub-area: land outside a named community; Not in the 2021 census,,,,,,0.3,
315,13C,13C,0,5,0,0,Residual sub-area: land outside a named community,,2.656046,,,,0.3,
316,13A,13A,0,4,0,0,Residual sub-area: land outside a named community,,2.65779,,,,0.3,
317,12I,12I,0,1,0,0,Residual sub-area: land outside a named community; Not in the 2021 census,,,,,,0.3,
318,,(no community recorded),257,1296,55,46,,,,,,,0.3,
